date_key,month_name,day_name,is_weekend,peak_demand_mw,min_demand_mw,avg_demand_mw,demand_mwh,solar_mwh,wind_mwh,embedded_renewables_pct,periods_recorded,periods_expected
2026-01-01,Jan,Thu,0,35082,21047,27264.0,654337.0,14141.0,94506.0,14.2,48,48
2026-01-02,Jan,Fri,0,41156,21718,30660.0,735849.0,31741.0,72567.0,12.4,48,48
2026-01-03,Jan,Sat,1,40792,22843,30735.0,737647.0,32898.0,76348.0,12.9,48,48
2026-01-04,Jan,Sun,1,43377,24847,32833.0,787994.0,30825.0,46235.0,8.9,48,48
2026-01-05,Jan,Mon,0,47382,26823,37406.0,897753.0,32340.0,34374.0,6.9,48,48
2026-01-06,Jan,Tue,0,45444,27469,37648.0,903550.0,14873.0,52678.0,7.0,48,48
2026-01-07,Jan,Wed,0,45281,25526,35706.0,856933.0,25092.0,65037.0,9.5,48,48
2026-01-08,Jan,Thu,0,44525,26838,36925.0,886200.0,4314.0,28654.0,3.6,48,48
2026-01-09,Jan,Fri,0,44353,25758,36252.0,870051.0,6755.0,52442.0,6.4,48,48
2026-01-10,Jan,Sat,1,42619,26559,33521.0,804505.0,28578.0,33015.0,7.1,48,48
2026-01-11,Jan,Sun,1,39844,22456,30650.0,735593.0,3717.0,118350.0,14.2,48,48
2026-01-12,Jan,Mon,0,40770,21281,31985.0,767634.0,9785.0,96657.0,12.2,48,48
2026-01-13,Jan,Tue,0,42685,23948,34076.0,817833.0,5138.0,42583.0,5.5,48,48
2026-01-14,Jan,Wed,0,42724,25511,34548.0,829150.0,22642.0,53419.0,8.4,48,48
2026-01-15,Jan,Thu,0,42939,24376,34656.0,831741.0,5964.0,40947.0,5.3,48,48
2026-01-16,Jan,Fri,0,40697,25931,33648.0,807561.0,25255.0,32502.0,6.7,48,48
2026-01-17,Jan,Sat,1,38145,23773,30589.0,734133.0,16927.0,26243.0,5.6,48,48
2026-01-18,Jan,Sun,1,39955,22956,31176.0,748221.0,6271.0,17630.0,3.1,48,48
2026-01-19,Jan,Mon,0,42017,24120,33971.0,815316.0,9574.0,24007.0,4.0,48,48
2026-01-20,Jan,Tue,0,39417,23513,31717.0,761212.0,17850.0,84164.0,11.8,48,48
2026-01-21,Jan,Wed,0,40109,23347,32741.0,785785.0,4341.0,92263.0,10.9,48,48
2026-01-22,Jan,Thu,0,40378,22910,32570.0,781668.0,5206.0,83950.0,10.2,48,48
2026-01-23,Jan,Fri,0,38967,23305,31760.0,762233.0,9390.0,99030.0,12.5,48,48
2026-01-24,Jan,Sat,1,36221,21725,28364.0,680728.0,23074.0,97039.0,15.0,48,48
2026-01-25,Jan,Sun,1,39605,20904,29844.0,716264.0,7620.0,65886.0,9.3,48,48
2026-01-26,Jan,Mon,0,41981,24682,34351.0,824416.0,6547.0,52608.0,6.7,48,48
2026-01-27,Jan,Tue,0,40787,22738,32995.0,791871.0,8145.0,117710.0,13.7,48,48
2026-01-28,Jan,Wed,0,42173,25370,34133.0,819198.0,33235.0,28219.0,7.0,48,48
2026-01-29,Jan,Thu,0,42235,24975,34253.0,822070.0,9057.0,56752.0,7.4,48,48
2026-01-30,Jan,Fri,0,40040,24769,32927.0,790247.0,14932.0,80730.0,10.8,48,48
2026-01-31,Jan,Sat,1,37350,22705,29606.0,710548.0,24011.0,54490.0,9.9,48,48
2026-02-01,Feb,Sun,1,40064,23044,30815.0,739554.0,11045.0,17933.0,3.8,48,48
2026-02-02,Feb,Mon,0,41660,23728,33176.0,796213.0,6782.0,58612.0,7.6,48,48
2026-02-03,Feb,Tue,0,43677,22663,34670.0,832090.0,3741.0,73315.0,8.5,48,48
2026-02-04,Feb,Wed,0,41979,25188,33621.0,806896.0,25971.0,50604.0,8.7,48,48
2026-02-05,Feb,Thu,0,40833,22632,32687.0,784477.0,5402.0,103458.0,12.2,48,48
2026-02-06,Feb,Fri,0,40629,23635,33052.0,793256.0,7894.0,63559.0,8.3,48,48
2026-02-07,Feb,Sat,1,36912,23600,30399.0,729571.0,10934.0,43411.0,6.9,48,48
2026-02-08,Feb,Sun,1,38167,21898,29410.0,705842.0,16336.0,35266.0,6.8,48,48
2026-02-09,Feb,Mon,0,40747,23730,32381.0,777133.0,15854.0,35007.0,6.1,48,48
2026-02-10,Feb,Tue,0,41313,23817,33193.0,796640.0,8305.0,44421.0,6.2,48,48
2026-02-11,Feb,Wed,0,40187,23640,32182.0,772366.0,17475.0,52448.0,8.3,48,48
2026-02-12,Feb,Thu,0,41425,24079,32987.0,791678.0,13831.0,44233.0,6.8,48,48
2026-02-13,Feb,Fri,0,40125,25063,33499.0,803965.0,15680.0,39672.0,6.4,48,48
2026-02-14,Feb,Sat,1,38865,24894,30225.0,725392.0,54758.0,29618.0,10.4,48,48
2026-02-15,Feb,Sun,1,38912,21666,30442.0,730605.0,9458.0,69615.0,9.8,48,48
2026-02-16,Feb,Mon,0,40345,23391,31589.0,758133.0,35242.0,69376.0,12.1,48,48
2026-02-17,Feb,Tue,0,42687,24239,33232.0,797572.0,42560.0,41700.0,9.6,48,48
2026-02-18,Feb,Wed,0,40945,24842,33453.0,802860.0,14043.0,86028.0,11.1,48,48
2026-02-19,Feb,Thu,0,43029,25374,35077.0,841857.0,10125.0,38121.0,5.4,48,48
2026-02-20,Feb,Fri,0,37542,24831,31369.0,752850.0,16531.0,83852.0,11.8,48,48
2026-02-21,Feb,Sat,1,34623,21612,27571.0,661712.0,20684.0,69473.0,12.0,48,48
2026-02-22,Feb,Sun,1,34377,19820,24895.0,597469.0,40222.0,88544.0,17.7,48,48
2026-02-23,Feb,Mon,0,39218,19763,29317.0,703611.0,26758.0,77912.0,12.9,48,48
2026-02-24,Feb,Tue,0,36295,21949,28158.0,675780.0,45030.0,63168.0,13.8,48,48
2026-02-25,Feb,Wed,0,36165,21930,28261.0,678254.0,45635.0,56499.0,13.1,48,48
2026-02-26,Feb,Thu,0,36507,20089,28936.0,694474.0,14400.0,94719.0,13.6,48,48
2026-02-27,Feb,Fri,0,37110,21923,30263.0,726316.0,21288.0,30831.0,6.7,48,48
2026-02-28,Feb,Sat,1,35522,21876,27465.0,659160.0,39644.0,27872.0,9.3,48,48
2026-03-01,Mar,Sun,1,34652,20720,26001.0,624033.0,27538.0,87359.0,15.5,48,48
2026-03-02,Mar,Mon,0,37120,19832,27636.0,663253.0,55531.0,75229.0,16.5,48,48
2026-03-03,Mar,Tue,0,38237,23239,29804.0,715289.0,53812.0,19501.0,9.3,48,48
2026-03-04,Mar,Wed,0,37683,23416,29325.0,703799.0,53094.0,36518.0,11.3,48,48
2026-03-05,Mar,Thu,0,37588,22479,28565.0,685564.0,58345.0,39159.0,12.5,48,48
2026-03-06,Mar,Fri,0,38209,21788,31138.0,747302.0,18154.0,19783.0,4.8,48,48
2026-03-07,Mar,Sat,1,35700,22904,29034.0,696818.0,18908.0,20114.0,5.3,48,48
2026-03-08,Mar,Sun,1,37137,22089,28840.0,692170.0,14870.0,16276.0,4.3,48,48
2026-03-09,Mar,Mon,0,38050,22948,31030.0,744716.0,20155.0,24122.0,5.6,48,48
2026-03-10,Mar,Tue,0,35553,22111,28114.0,674731.0,45517.0,80125.0,15.7,48,48
2026-03-11,Mar,Wed,0,35470,20524,26183.0,628397.0,67987.0,103622.0,21.5,48,48
2026-03-12,Mar,Thu,0,36995,20589,28771.0,690514.0,18543.0,125810.0,17.3,48,48
2026-03-13,Mar,Fri,0,36995,21546,28381.0,681150.0,53291.0,87441.0,17.1,48,48
2026-03-14,Mar,Sat,1,35019,20067,26113.0,626707.0,78638.0,27747.0,14.5,48,48
2026-03-15,Mar,Sun,1,33291,19576,25034.0,600818.0,44406.0,90418.0,18.3,48,48
2026-03-16,Mar,Mon,0,37259,21496,29595.0,710287.0,34149.0,84738.0,14.3,48,48
2026-03-17,Mar,Tue,0,35453,20759,26246.0,629894.0,72608.0,95017.0,21.0,48,48
2026-03-18,Mar,Wed,0,36164,22076,27040.0,648958.0,91718.0,23120.0,15.0,48,48
2026-03-19,Mar,Thu,0,36241,21046,26728.0,641470.0,91166.0,15362.0,14.2,48,48
2026-03-20,Mar,Fri,0,34778,22634,27458.0,658986.0,68124.0,16523.0,11.4,48,48
2026-03-21,Mar,Sat,1,32654,18256,24363.0,584709.0,89518.0,12141.0,14.8,48,48
2026-03-22,Mar,Sun,1,33692,20649,24865.0,596753.0,62572.0,24735.0,12.8,48,48
2026-03-23,Mar,Mon,0,35606,22156,27913.0,669914.0,53432.0,40650.0,12.3,48,48
2026-03-24,Mar,Tue,0,35651,19186,27561.0,661455.0,24414.0,107899.0,16.7,48,48
2026-03-25,Mar,Wed,0,37244,20791,27449.0,658765.0,71813.0,101418.0,20.8,48,48
2026-03-26,Mar,Thu,0,38146,24236,28772.0,690519.0,82942.0,35149.0,14.6,48,48
2026-03-27,Mar,Fri,0,35441,22267,28828.0,691878.0,36882.0,60623.0,12.4,48,48
2026-03-28,Mar,Sat,1,32078,18916,23330.0,559918.0,84577.0,88575.0,23.6,48,48
2026-03-29,Mar,Sun,1,31432,21019,25980.0,597545.0,29855.0,96944.0,17.5,46,46
2026-03-30,Mar,Mon,0,33939,20834,26605.0,638520.0,71333.0,87914.0,20.0,48,48
2026-03-31,Mar,Tue,0,32789,22248,27589.0,662136.0,57359.0,35310.0,12.3,48,48
2026-04-01,Apr,Wed,0,33294,22165,28290.0,678953.0,31613.0,37854.0,9.3,48,48
2026-04-02,Apr,Thu,0,32223,21432,26097.0,626337.0,90350.0,29393.0,16.0,48,48
2026-04-03,Apr,Fri,0,28583,18780,23788.0,570915.0,39272.0,88441.0,18.3,48,48
2026-04-04,Apr,Sat,1,27469,20046,23342.0,560217.0,43456.0,73498.0,17.3,48,48
2026-04-05,Apr,Sun,1,28246,16290,20293.0,487022.0,91537.0,96208.0,27.8,48,48
2026-04-06,Apr,Mon,0,29644,14785,22014.0,528336.0,105466.0,34956.0,21.0,48,48
2026-04-07,Apr,Tue,0,30160,16367,22702.0,544848.0,107381.0,57492.0,23.2,48,48
2026-04-08,Apr,Wed,0,31493,18556,23882.0,573162.0,100160.0,18675.0,17.2,48,48
2026-04-09,Apr,Thu,0,29596,19826,24789.0,594947.0,51146.0,53212.0,14.9,48,48
2026-04-10,Apr,Fri,0,29378,20412,24394.0,585447.0,78500.0,49931.0,18.0,48,48
2026-04-11,Apr,Sat,1,28083,16067,21503.0,516065.0,74116.0,106709.0,25.9,48,48
2026-04-12,Apr,Sun,1,29051,16953,21224.0,509373.0,82283.0,88344.0,25.1,48,48
2026-04-13,Apr,Mon,0,32880,21873,26265.0,630349.0,91594.0,18611.0,14.9,48,48
2026-04-14,Apr,Tue,0,32503,22338,26553.0,637260.0,62684.0,39510.0,13.8,48,48
2026-04-15,Apr,Wed,0,29837,19796,25274.0,606565.0,48068.0,84499.0,17.9,48,48
2026-04-16,Apr,Thu,0,31570,19276,24438.0,586521.0,74093.0,61783.0,18.8,48,48
2026-04-17,Apr,Fri,0,28571,19400,24463.0,587114.0,54144.0,71819.0,17.7,48,48
2026-04-18,Apr,Sat,1,28021,16650,21182.0,508360.0,95779.0,48810.0,22.1,48,48
2026-04-19,Apr,Sun,1,29513,17163,21958.0,526980.0,100195.0,18254.0,18.4,48,48
2026-04-20,Apr,Mon,0,31339,21153,25389.0,609327.0,91229.0,14237.0,14.8,48,48
2026-04-21,Apr,Tue,0,30365,18309,23752.0,570049.0,105651.0,51789.0,21.6,48,48
2026-04-22,Apr,Wed,0,30333,16669,22867.0,548804.0,121045.0,54972.0,24.3,48,48
2026-04-23,Apr,Thu,0,29510,16652,23110.0,554649.0,125949.0,27580.0,21.7,48,48
2026-04-24,Apr,Fri,0,28895,16058,22858.0,548599.0,127178.0,13113.0,20.4,48,48
2026-04-25,Apr,Sat,1,27231,13917,20802.0,499255.0,120857.0,11626.0,21.0,48,48
2026-04-26,Apr,Sun,1,29032,16173,21281.0,510740.0,102431.0,13629.0,18.5,48,48
2026-04-27,Apr,Mon,0,31437,19364,23777.0,570643.0,103760.0,14819.0,17.2,48,48
2026-04-28,Apr,Tue,0,29931,19446,24845.0,596273.0,74119.0,36559.0,15.7,48,48
2026-04-29,Apr,Wed,0,28281,15647,21835.0,524047.0,128460.0,57150.0,26.2,48,48
2026-04-30,Apr,Thu,0,28517,15881,21551.0,517217.0,129015.0,60699.0,26.8,48,48
2026-05-01,May,Fri,0,27816,19692,23304.0,559299.0,99847.0,19504.0,17.6,48,48
2026-05-02,May,Sat,1,27339,16706,21554.0,517299.0,84212.0,12719.0,15.8,48,48
2026-05-03,May,Sun,1,27426,17897,22481.0,539553.0,54265.0,16187.0,11.5,48,48
2026-05-04,May,Mon,0,28042,19017,23335.0,560031.0,53530.0,12460.0,10.5,48,48
2026-05-05,May,Tue,0,30223,19492,24449.0,586780.0,75292.0,19843.0,14.0,48,48
2026-05-06,May,Wed,0,31215,20685,25434.0,610423.0,81965.0,16883.0,13.9,48,48
2026-05-07,May,Thu,0,30297,20896,25313.0,607519.0,71307.0,31233.0,14.4,48,48
2026-05-08,May,Fri,0,29039,20736,24228.0,581468.0,88182.0,18874.0,15.5,48,48
2026-05-09,May,Sat,1,25266,15917,20811.0,499454.0,96733.0,22082.0,19.2,48,48
2026-05-10,May,Sun,1,26537,17006,20470.0,491272.0,80391.0,36609.0,19.2,48,48
2026-05-11,May,Mon,0,30012,18414,24546.0,589110.0,75738.0,29597.0,15.2,48,48
2026-05-12,May,Tue,0,28294,20289,23557.0,565378.0,89148.0,52404.0,20.0,48,48
2026-05-13,May,Wed,0,30050,18994,24168.0,580031.0,88220.0,47138.0,18.9,48,48
2026-05-14,May,Thu,0,29714,20436,24550.0,589195.0,90771.0,36902.0,17.8,48,48
2026-05-15,May,Fri,0,29826,20083,24110.0,578645.0,94392.0,36533.0,18.5,48,48
2026-05-16,May,Sat,1,27924,19809,23118.0,554835.0,68549.0,17172.0,13.4,48,48
2026-05-17,May,Sun,1,27642,17480,20889.0,501332.0,90870.0,27317.0,19.1,48,48
2026-05-18,May,Mon,0,30335,19634,24906.0,597751.0,68897.0,23639.0,13.4,48,48
2026-05-19,May,Tue,0,28755,18114,24006.0,576154.0,55332.0,75623.0,18.5,48,48
2026-05-20,May,Wed,0,28229,18989,23666.0,567992.0,66894.0,59844.0,18.2,48,48
2026-05-21,May,Thu,0,28232,19104,23438.0,562523.0,85912.0,39780.0,18.3,48,48
2026-05-22,May,Fri,0,26481,17107,21558.0,517381.0,122004.0,39123.0,23.7,48,48
2026-05-23,May,Sat,1,24936,13197,19304.0,463287.0,119311.0,26639.0,24.0,48,48
2026-05-24,May,Sun,1,25620,12626,18549.0,445177.0,128812.0,18043.0,24.8,48,48
2026-05-25,May,Mon,0,27532,15573,20544.0,493047.0,128491.0,18307.0,22.9,48,48
2026-05-26,May,Tue,0,29734,20371,23940.0,574553.0,121256.0,15810.0,19.3,48,48
2026-05-27,May,Wed,0,27219,17734,22040.0,528950.0,123808.0,34316.0,23.0,48,48
2026-05-28,May,Thu,0,28803,18331,22390.0,537365.0,110586.0,46114.0,22.6,48,48
2026-05-29,May,Fri,0,26014,17556,21687.0,520478.0,96552.0,51352.0,22.1,48,48
2026-05-30,May,Sat,1,24980,14225,19585.0,470029.0,122008.0,17001.0,22.8,48,48
2026-05-31,May,Sun,1,24620,15729,19217.0,461206.0,95994.0,29168.0,21.3,48,48
2026-06-01,Jun,Mon,0,29216,18792,24088.0,578122.0,55731.0,35620.0,13.6,48,48
2026-06-02,Jun,Tue,0,26921,19677,23398.0,561563.0,83089.0,28123.0,16.5,48,48
2026-06-03,Jun,Wed,0,26695,18848,23027.0,552636.0,61281.0,63954.0,18.5,48,48
2026-06-04,Jun,Thu,0,26280,17303,21600.0,518397.0,86788.0,79885.0,24.3,48,48
2026-06-05,Jun,Fri,0,26862,17575,21641.0,519380.0,89661.0,44593.0,20.5,48,48
2026-06-06,Jun,Sat,1,25632,16877,21028.0,504679.0,49651.0,49214.0,16.4,48,48
2026-06-07,Jun,Sun,1,25449,15598,19226.0,461432.0,74658.0,68408.0,23.7,48,48
2026-06-08,Jun,Mon,0,27307,17363,22507.0,540172.0,81747.0,38156.0,18.2,48,48
2026-06-09,Jun,Tue,0,26510,17876,21437.0,514483.0,110355.0,43111.0,23.0,48,48
2026-06-10,Jun,Wed,0,27123,19095,22912.0,549897.0,96024.0,27115.0,18.3,48,48
2026-06-11,Jun,Thu,0,29632,19649,25537.0,612899.0,33542.0,47264.0,11.6,48,48
2026-06-12,Jun,Fri,0,24728,16457,20957.0,502972.0,89502.0,81916.0,25.4,48,48
2026-06-13,Jun,Sat,1,23716,13042,17873.0,428959.0,109049.0,77766.0,30.3,48,48
2026-06-14,Jun,Sun,1,26056,16051,19594.0,470255.0,104917.0,23761.0,21.5,48,48
2026-06-15,Jun,Mon,0,28362,18481,22751.0,546014.0,94836.0,19298.0,17.3,48,48
2026-06-16,Jun,Tue,0,28239,19396,23887.0,573287.0,79463.0,20337.0,14.8,48,48
2026-06-17,Jun,Wed,0,27774,19242,23970.0,575281.0,69408.0,38651.0,15.8,48,48
2026-06-18,Jun,Thu,0,28517,19048,23680.0,568311.0,82542.0,34151.0,17.0,48,48
2026-06-19,Jun,Fri,0,27350,18413,22177.0,532259.0,107039.0,49890.0,22.8,48,48
2026-06-20,Jun,Sat,1,25444,18271,21247.0,509927.0,87999.0,17593.0,17.2,48,48
2026-06-21,Jun,Sun,1,25939,16915,20271.0,486496.0,110161.0,12289.0,20.1,48,48
2026-06-22,Jun,Mon,0,30228,19284,23562.0,565491.0,110979.0,22342.0,19.1,48,48
2026-06-23,Jun,Tue,0,30024,20829,24549.0,589166.0,122746.0,17622.0,19.2,48,48
2026-06-24,Jun,Wed,0,31313,21701,25612.0,614680.0,127314.0,13529.0,18.6,48,48
2026-06-25,Jun,Thu,0,31750,21530,25247.0,605922.0,128859.0,28737.0,20.6,48,48
2026-06-26,Jun,Fri,0,29322,22132,25558.0,613394.0,115275.0,24629.0,18.6,48,48
2026-06-27,Jun,Sat,1,26164,16102,21242.0,509803.0,104313.0,56759.0,24.0,48,48
2026-06-28,Jun,Sun,1,24297,13085,18800.0,451202.0,106121.0,59496.0,26.9,48,48
2026-06-29,Jun,Mon,0,27447,18279,22218.0,533234.0,95477.0,31199.0,19.2,48,48
2026-06-30,Jun,Tue,0,28359,19640,23613.0,566706.0,87306.0,14828.0,15.3,48,48
2026-07-01,Jul,Wed,0,26463,19838,23049.0,553182.0,90394.0,28763.0,17.7,48,48
2026-07-02,Jul,Thu,0,26103,14543,19476.0,467432.0,124710.0,92196.0,31.7,48,48
2026-07-03,Jul,Fri,0,26621,16383,20831.0,499934.0,119803.0,32686.0,23.4,48,48
2026-07-04,Jul,Sat,1,24143,15209,19220.0,461283.0,89147.0,61099.0,24.6,48,48
2026-07-05,Jul,Sun,1,26237,16406,20038.0,480903.0,88003.0,34737.0,20.3,48,48
2026-07-06,Jul,Mon,0,28183,17399,21594.0,518257.0,111565.0,58789.0,24.7,48,48
2026-07-07,Jul,Tue,0,30049,18273,22667.0,544010.0,112010.0,42921.0,22.2,48,48
2026-07-08,Jul,Wed,0,30974,21135,24553.0,589272.0,124892.0,14029.0,19.1,48,48
2026-07-09,Jul,Thu,0,30591,20892,24690.0,592552.0,127522.0,10320.0,18.9,48,48
2026-07-10,Jul,Fri,0,29036,21490,24407.0,585760.0,120411.0,13246.0,18.6,48,48
2026-07-11,Jul,Sat,1,26415,15505,20742.0,497819.0,115616.0,21999.0,21.7,48,48
2026-07-12,Jul,Sun,1,25217,12938,18514.0,444339.0,130655.0,42323.0,28.0,48,48
2026-07-13,Jul,Mon,0,27123,17000,21389.0,513343.0,118075.0,43517.0,23.9,48,48
2026-07-14,Jul,Tue,0,28447,17704,22256.0,534155.0,113084.0,33980.0,21.6,48,48
2026-07-15,Jul,Wed,0,28705,18182,23009.0,552228.0,116994.0,23170.0,20.2,48,48
2026-07-16,Jul,Thu,0,28574,19212,23067.0,553619.0,123563.0,13449.0,19.8,48,48
2026-07-17,Jul,Fri,0,27285,18616,22623.0,542959.0,114805.0,17104.0,19.5,48,48
2026-07-18,Jul,Sat,1,24166,16643,20359.0,488608.0,89165.0,19939.0,18.3,48,48
2026-07-19,Jul,Sun,1,25466,13780,18649.0,447567.0,115088.0,19667.0,23.1,48,48
2026-07-20,Jul,Mon,0,27602,17365,21479.0,515505.0,122640.0,12359.0,20.8,48,48
2026-07-21,Jul,Tue,0,27666,19561,23205.0,556917.0,87432.0,15374.0,15.6,48,48
2026-07-22,Jul,Wed,0,28555,19849,23765.0,570367.0,88020.0,13962.0,15.2,48,48
2026-07-23,Jul,Thu,0,28254,19842,23479.0,563502.0,93236.0,19260.0,16.6,48,48
2026-07-24,Jul,Fri,0,26268,17557,21632.0,519175.0,108160.0,39148.0,22.1,48,48
2026-07-25,Jul,Sat,1,24905,14493,19165.0,459955.0,100260.0,64134.0,26.3,48,48
2026-07-26,Jul,Sun,1,23995,15163,18877.0,453039.0,88146.0,59380.0,24.6,48,48
2026-07-27,Jul,Mon,0,28428,18186,22076.0,529819.0,90310.0,36290.0,19.3,48,48
2026-07-28,Jul,Tue,0,28340,18844,23326.0,559829.0,88120.0,43178.0,19.0,48,48
2026-07-29,Jul,Wed,0,29393,20784,24101.0,578430.0,105408.0,26302.0,18.5,48,48
2026-07-30,Jul,Thu,0,27717,20438,23641.0,567386.0,92700.0,32180.0,18.0,48,48
2026-07-31,Jul,Fri,0,26728,17003,21448.0,514752.0,112789.0,22094.0,20.8,48,48
2026-08-01,Aug,Sat,1,24212,14007,18960.0,455030.0,108632.0,28315.0,23.1,48,48
2026-08-02,Aug,Sun,1,25316,14820,19357.0,464560.0,107392.0,14295.0,20.8,48,48
2026-08-03,Aug,Mon,0,28343,18594,22406.0,537733.0,105562.0,28645.0,20.0,48,48
2026-08-04,Aug,Tue,0,27994,19742,24102.0,578453.0,71830.0,38511.0,16.0,48,48
2026-08-05,Aug,Wed,0,24668,17370,20944.0,502667.0,91127.0,72723.0,24.6,48,48
2026-08-06,Aug,Thu,0,28471,17966,22197.0,532725.0,85717.0,39683.0,19.1,48,48
2026-08-07,Aug,Fri,0,25882,16345,20459.0,491013.0,112275.0,32035.0,22.7,48,48
2026-08-08,Aug,Sat,1,24804,13248,18925.0,454194.0,109368.0,36996.0,24.4,48,48
2026-08-09,Aug,Sun,1,25730,14751,19331.0,463946.0,103650.0,32406.0,22.7,48,48
2026-08-10,Aug,Mon,0,28654,17996,22081.0,529936.0,114370.0,19154.0,20.1,48,48
2026-08-11,Aug,Tue,0,28033,17197,21915.0,525948.0,118185.0,21951.0,21.0,48,48
2026-08-12,Aug,Wed,0,29759,19299,23057.0,553367.0,113073.0,28440.0,20.4,48,48
2026-08-13,Aug,Thu,0,30766,20726,24575.0,589805.0,109397.0,17823.0,17.7,48,48
2026-08-14,Aug,Fri,0,29306,21294,24446.0,586712.0,97292.0,23134.0,17.0,48,48
2026-08-15,Aug,Sat,1,25853,16911,21195.0,508674.0,82826.0,22230.0,17.1,48,48
2026-08-16,Aug,Sun,1,26550,17963,21228.0,509472.0,72530.0,9108.0,13.8,48,48
2026-08-17,Aug,Mon,0,29334,19638,24532.0,588778.0,65534.0,10715.0,11.5,48,48
2026-08-18,Aug,Tue,0,28850,19208,23898.0,573545.0,55065.0,45388.0,14.9,48,48
2026-08-19,Aug,Wed,0,28793,19759,23547.0,565116.0,79178.0,18919.0,14.8,48,48
2026-08-20,Aug,Thu,0,28479,18987,23196.0,556697.0,71737.0,28058.0,15.2,48,48
2026-08-21,Aug,Fri,0,27222,19028,22512.0,540279.0,86393.0,21259.0,16.6,48,48
2026-08-22,Aug,Sat,1,25904,16100,20169.0,484058.0,96694.0,13478.0,18.5,48,48
2026-08-23,Aug,Sun,1,26373,15141,19416.0,465989.0,105148.0,8602.0,19.6,48,48
2026-08-24,Aug,Mon,0,27912,17870,21636.0,519253.0,99139.0,26781.0,19.5,48,48
2026-08-25,Aug,Tue,0,28376,18732,22314.0,535536.0,87985.0,40697.0,19.4,48,48
2026-08-26,Aug,Wed,0,29857,19628,23919.0,574046.0,73167.0,33046.0,15.6,48,48
2026-08-27,Aug,Thu,0,29504,19625,25388.0,609315.0,40666.0,22494.0,9.4,48,48
2026-08-28,Aug,Fri,0,27596,19341,23372.0,560932.0,67281.0,34297.0,15.3,48,48
2026-08-29,Aug,Sat,1,27134,18704,23056.0,553348.0,37079.0,25890.0,10.2,48,48
2026-08-30,Aug,Sun,1,26507,18400,21254.0,510091.0,61607.0,20348.0,13.8,48,48
2026-08-31,Aug,Mon,0,27122,17725,20871.0,500912.0,75957.0,40489.0,18.9,48,48
2026-09-01,Sep,Tue,0,30558,19259,23489.0,563743.0,81147.0,46907.0,18.5,48,48
2026-09-02,Sep,Wed,0,30399,19914,26037.0,624891.0,32175.0,36069.0,9.8,48,48
2026-09-03,Sep,Thu,0,29688,18763,23919.0,574062.0,60941.0,72533.0,18.9,48,48
2026-09-04,Sep,Fri,0,26917,19481,23037.0,552886.0,48856.0,93150.0,20.4,48,48
2026-09-05,Sep,Sat,1,26849,14776,19970.0,479279.0,95302.0,46553.0,22.8,48,48
2026-09-06,Sep,Sun,1,26116,16171,19897.0,477537.0,78051.0,56669.0,22.0,48,48
2026-09-07,Sep,Mon,0,29045,18400,23692.0,568601.0,56582.0,62151.0,17.3,48,48
2026-09-08,Sep,Tue,0,28632,19111,23989.0,575728.0,50699.0,81127.0,18.6,48,48
2026-09-09,Sep,Wed,0,31374,19515,24668.0,592025.0,68575.0,30504.0,14.3,48,48
2026-09-10,Sep,Thu,0,29431,20450,24099.0,578381.0,58204.0,54150.0,16.3,48,48
2026-09-11,Sep,Fri,0,30145,19287,24239.0,581728.0,61439.0,28551.0,13.4,48,48
2026-09-12,Sep,Sat,1,27130,16873,20947.0,502733.0,50025.0,70779.0,19.4,48,48
2026-09-13,Sep,Sun,1,29313,18566,23167.0,556020.0,44933.0,14201.0,9.6,48,48
