hour_of_day,day_type,avg_demand_mw,avg_solar_mw
0,Weekday,23652.0,0.0
0,Weekend,23267.0,0.0
1,Weekday,23214.0,0.0
1,Weekend,22641.0,0.0
2,Weekday,22425.0,0.0
2,Weekend,21666.0,0.0
3,Weekday,21575.0,0.0
3,Weekend,20698.0,0.0
4,Weekday,21026.0,0.0
4,Weekend,20067.0,0.0
5,Weekday,21324.0,55.0
5,Weekend,19607.0,59.0
6,Weekday,24152.0,482.0
6,Weekend,20261.0,518.0
7,Weekday,27435.0,1617.0
7,Weekend,21218.0,1713.0
8,Weekday,28456.0,3322.0
8,Weekend,22049.0,3488.0
9,Weekday,28003.0,5285.0
9,Weekend,22271.0,5541.0
10,Weekday,26823.0,7036.0
10,Weekend,21925.0,7354.0
11,Weekday,26033.0,8261.0
11,Weekend,21568.0,8595.0
12,Weekday,25694.0,8827.0
12,Weekend,21514.0,9112.0
13,Weekday,25308.0,8736.0
13,Weekend,21313.0,8965.0
14,Weekday,25200.0,7978.0
14,Weekend,21320.0,8087.0
15,Weekday,25838.0,6644.0
15,Weekend,22270.0,6623.0
16,Weekday,27769.0,5011.0
16,Weekend,24493.0,4939.0
17,Weekday,30147.0,3297.0
17,Weekend,27356.0,3227.0
18,Weekday,31402.0,1828.0
18,Weekend,28831.0,1757.0
19,Weekday,31742.0,691.0
19,Weekend,29017.0,671.0
20,Weekday,30852.0,122.0
20,Weekend,28413.0,119.0
21,Weekday,29274.0,1.0
21,Weekend,27182.0,2.0
22,Weekday,26804.0,0.0
22,Weekend,25232.0,0.0
23,Weekday,24381.0,0.0
23,Weekend,23210.0,0.0
